1,2021-05-10,Monday
2,2021-05-12,Wednesday
3,2021-05-14,Friday
4,2021-05-18,Tuesday
5,2021-05-20,Thursday
6,2021-05-24,Monday
7,2021-05-26,Wednesday
8,2021-05-28,Friday
9,2021-06-01,Tuesday
10,2021-06-03,Thursday
11,2021-06-07,Monday
12,2021-06-09,Wednesday
13,2021-06-11,Friday
14,2021-06-16,Wednesday
15,2021-06-18,Friday
16,2021-06-22,Tuesday
17,2021-06-24,Thursday
18,2021-06-28,Monday
19,2021-06-30,Wednesday
20,2021-07-02,Friday
21,2021-07-07,Wednesday
22,2021-07-09,Friday
23,2021-07-13,Tuesday
24,2021-07-16,Friday
25,2021-07-20,Tuesday
26,2021-07-22,Thursday
27,2021-07-26,Monday
28,2021-07-28,Wednesday
29,2021-07-30,Friday
30,2021-08-03,Tuesday
31,2021-08-06,Friday
32,2021-08-10,Tuesday
33,2021-08-12,Thursday
34,2021-08-16,Monday
35,2021-08-18,Wednesday
36,2021-08-20,Friday
37,2021-08-24,Tuesday
38,2021-08-26,Thursday
39,2021-08-30,Monday
40,2021-09-01,Wednesday
41,2021-09-03,Friday
42,2021-09-07,Tuesday
43,2021-09-09,Thursday
44,2021-09-13,Monday
45,2021-09-16,Thursday
46,2021-09-20,Monday
47,2021-09-22,Wednesday
48,2021-09-24,Friday
49,2021-09-28,Tuesday
50,2021-09-30,Thursday
51,2021-10-04,Monday
52,2021-10-07,Thursday
53,2021-10-11,Monday
54,2021-10-13,Wednesday
55,2021-10-18,Monday
56,2021-10-20,Wednesday
57,2021-10-22,Friday
58,2021-10-26,Tuesday
59,2021-10-28,Thursday
60,2021-11-01,Monday
61,2021-11-03,Wednesday
62,2021-11-08,Monday
63,2021-11-10,Wednesday
64,2021-11-12,Friday
65,2021-11-17,Wednesday
66,2021-11-19,Friday
67,2021-11-23,Tuesday
68,2021-11-25,Thursday
69,2021-11-29,Monday
70,2021-12-01,Wednesday
71,2021-12-03,Friday
72,2021-12-07,Tuesday
73,2021-12-09,Thursday
74,2021-12-13,Monday
75,2021-12-16,Thursday
76,2021-12-20,Monday
77,2021-12-22,Wednesday
78,2021-12-24,Friday
79,2021-12-28,Tuesday
80,2021-12-30,Thursday
81,2022-01-03,Monday
82,2022-01-06,Thursday
83,2022-01-10,Monday
84,2022-01-12,Wednesday
85,2022-01-14,Friday
86,2022-01-18,Tuesday
87,2022-01-20,Thursday
88,2022-01-24,Monday
89,2022-01-26,Wednesday
90,2022-01-28,Friday
91,2022-02-01,Tuesday
92,2022-02-03,Thursday
93,2022-02-07,Monday
94,2022-02-09,Wednesday
95,2022-02-11,Friday
96,2022-02-16,Wednesday
97,2022-02-18,Friday
98,2022-02-22,Tuesday
99,2022-02-24,Thursday
100,2022-02-28,Monday
101,2022-03-02,Wednesday
102,2022-03-04,Friday
103,2022-03-08,Tuesday
104,2022-03-10,Thursday
105,2022-03-14,Monday
106,2022-03-17,Thursday
107,2022-03-21,Monday
108,2022-03-23,Wednesday
109,2022-03-25,Friday
110,2022-03-29,Tuesday
111,2022-03-31,Thursday
112,2022-04-04,Monday
113,2022-04-07,Thursday
114,2022-04-11,Monday
115,2022-04-13,Wednesday
116,2022-04-18,Monday
117,2022-04-20,Wednesday
118,2022-04-22,Friday
119,2022-04-26,Tuesday
120,2022-04-28,Thursday
121,2022-05-02,Monday
122,2022-05-04,Wednesday
123,2022-05-09,Monday
